thefields,units,standard_names,long_names,comments,types,heights,instruments,locations,methods
"lat","degree_north","latitude","latitude","","coordinate",,"Hemisphere GPS VS-1000 system. Hemisphere MDA30 and MDA10 antenna, SN# 0824-7443-0010, ","starboard forward O2 deck rail",""
"lon","degree_east","longitude","longitude","","coordinate",,"Hemisphere GPS VS-1000 system. Hemisphere MDA30 and MDA10 antenna, SN# 0824-7443-0010, ","starboard forward O2 deck rail",""
"cog","degree","platform_course","course-over-ground","","physicalMeasurement",,"Hemisphere GPS VS-1000 system. Hemisphere MDA30 and MDA10 antenna, SN# 0824-7443-0010, ","starboard forward O2 deck rail",""
"sog","m/s","platform_speed_wrt_ground","speed-over-ground","","physicalMeasurement",,"Hemisphere GPS VS-1000 system. Hemisphere MDA30 and MDA10 antenna, SN# 0824-7443-0010, ","starboard forward O2 deck rail",""
"heading","degree","platform_orientation","heading","","physicalMeasurement",,"Hemisphere GPS VS-1000 system. Hemisphere MDA30 and MDA10 antenna, SN# 0824-7443-0010, ","starboard forward O2 deck rail",""
"flag_bad_bulk","1","","flag 1 = wind from aft = questionable state variables and bulk fluxes","0 = good, 1 = use with caution. Use to exclude questionable state variables and bulk fluxes when wind came from aft: |rdir| > 140 deg. This could have impacted state variables and fluxes to some extent due to deck heating and flow distortion. The state variables and COARE bulk algorithm output is likely okay to use but cannot be guaranteed to have the highest quality. ","qualityInformation",,"Gill Instruments R3 3-axis sonic anemometer, SN# 111001","bow mast","past experience and examination of data suggest these flags are necessary for screening and excluding bad bulk flux and state variable data "
"year","year","","year","","coordinate",,"","",""
"month","month","","month","","coordinate",,"","",""
"day","day","","day","","coordinate",,"","",""
"hour","UTC","","hour","","coordinate",,"","",""
"minute","UTC","","minute","","coordinate",,"","",""
"tair","degree_Celsius","air_temperature","NOAA 15.20 m air temperature","","physicalMeasurement",15.2,"Vaisala-HMT337 tempearture humidity sensor, SN# E1350206","bow mast",""
"tair_2","degree_Celsius","air_temperature","NOAA 2 m air temperature","","modelResult",2,"Vaisala-HMT337 tempearture humidity sensor, SN# E1350206","bow mast","COARE 3.6, height adjusted"
"tair_10","degree_Celsius","air_temperature","NOAA 10 m air temperature","","modelResult",10,"Vaisala-HMT337 tempearture humidity sensor, SN# E1350206","bow mast","COARE 3.6, height adjusted"
"tair_10n","degree_Celsius","air_temperature","NOAA 10 m neutral air temperature","","modelResult",10,"Vaisala-HMT337 tempearture humidity sensor, SN# E1350206","bow mast","COARE 3.6, height adjusted, adusted for neutral stability"
"rhair","%","relative_humidity","NOAA 15.20 m relative humidity","","physicalMeasurement",15.2,"Vaisala-HMT337 tempearture humidity sensor, SN# E1350206","bow mast",""
"rhair_2","%","relative_humidity","NOAA 2 m relative humidity","","modelResult",2,"Vaisala-HMT337 tempearture humidity sensor, SN# E1350206","bow mast","COARE 3.6, height adjusted"
"rhair_10","%","relative_humidity","NOAA 10 m relative humidity","","modelResult",10,"Vaisala-HMT337 tempearture humidity sensor, SN# E1350206","bow mast","COARE 3.6, height adjusted"
"qair","g/kg","specific_humidity","NOAA 15.20 m air specific humidity","","physicalMeasurement",15.2,"Vaisala-HMT337 tempearture humidity sensor, SN# E1350206","bow mast",""
"qair_2","g/kg","specific_humidity","NOAA 2 m air specific humidity","","modelResult",2,"Vaisala-HMT337 tempearture humidity sensor, SN# E1350206","bow mast","COARE 3.6, height adjusted"
"qair_10","g/kg","specific_humidity","NOAA 10 m air specific humidity","","modelResult",10,"Vaisala-HMT337 tempearture humidity sensor, SN# E1350206","bow mast","COARE 3.6, height adjusted"
"qair_10n","g/kg","specific_humidity","NOAA 10 m neutral specific humidity","","modelResult",10,"Vaisala-HMT337 tempearture humidity sensor, SN# E1350206","bow mast","COARE 3.6, height adjusted, adjusted for neutral stability"
"rhoair","kg/m3","air_density","NOAA 15.20 m air density","","physicalMeasurement",15.2,"","","from T, q, p"
"rhoair_10","kg/m3","air_density","NOAA air density adjusted to 10 m height","","modelResult",10,"","","COARE 3.6, height adjusted"
"prate","mm/hr","rainfall_rate","rainfall rate from NOAA optical gauge","","physicalMeasurement",15.5,"Optical Scientific Inc Optical Rain Gauge ORG-815-DA, SN# 8060281","bow mast",""
"paccum","mm","thickness_of_rainfall_amount","rainfall accumulation from NOAA optical gauge","","physicalMeasurement",15.5,"Optical Scientific Inc Optical Rain Gauge ORG-815-DA, SN# 8060281","bow mast",""
"psealevel","mbar","air_pressure_at_mean_sea_level","NOAA sea level atmospheric pressure","to adjust heights: P_z=(psealevel - (0.125*z)","modelResult",0,"Vaisala-PTB220 shielded pressure sensor, SN# A2710002","starboard forward O2 deck rail","height adjustment, to change use P_z=(psealevel - (0.125*z)"
"pair_10","mbar","air_pressure","NOAA atmospheric pressure adjusted to 10 m height","to adjust heights: P_z=(psealevel - (0.125*z)","modelResult",0,"Vaisala-PTB220 shielded pressure sensor, SN# A2710002","starboard forward O2 deck rail","height adjustment, to change use P_z=(psealevel - (0.125*z)"
"rdir","degree","wind_to_direction","NOAA 16.50 m relative wind direction","0 means relative or apparent wind was incoming directly to bow of ship. To convert from +/- 180 to 0-360 positive-to-north earth coordinates: rdir2(rdir2<0)=rdir2(rdir2<0)+360;","physicalMeasurement",16.5,"Gill Instruments R3 3-axis sonic anemometer, SN# 111001","bow mast","does not account for current velocity"
"rspd","m/s","wind_speed","NOAA 16.50 m relative wind speed","","physicalMeasurement",16.5,"Gill Instruments R3 3-axis sonic anemometer, SN# 111001","bow mast","does not account for current velocity"
"wdir","degree","wind_from_direction","NOAA 16.50 m true wind direction","meteorological convention from","physicalMeasurement",16.5,"Gill Instruments R3 3-axis sonic anemometer, SN# 111001","bow mast","does not account for current velocity"
"wspd","m/s","wind_speed","NOAA 16.50 m true wind speed","","physicalMeasurement",16.5,"Gill Instruments R3 3-axis sonic anemometer, SN# 111001","bow mast","does not account for current velocity"
"wspd_2","m/s","wind_speed","NOAA 2 m true water-relative wind speed","","modelResult",10,"Gill Instruments R3 3-axis sonic anemometer, SN# 111001","bow mast","COARE 3.6, accounts for current velocity, height adjusted"
"wspd_2n","m/s","wind_speed","NOAA 2 m true water-relative neutral wind speed","","modelResult",10,"Gill Instruments R3 3-axis sonic anemometer, SN# 111001","bow mast","COARE 3.6, adjusted for neutral stability and height, accounts for current velocity"
"wspd_10","m/s","wind_speed","NOAA 10 m true water-relative wind speed","","modelResult",10,"Gill Instruments R3 3-axis sonic anemometer, SN# 111001","bow mast","COARE 3.6, accounts for current velocity, height adjusted"
"wspd_10n","m/s","wind_speed","NOAA 10 m true water-relative neutral wind speed","","modelResult",10,"Gill Instruments R3 3-axis sonic anemometer, SN# 111001","bow mast","COARE 3.6, adjusted for neutral stability and height, accounts for current velocity"
"u","m/s","eastward_wind","zonal W-to E component 16.50 m true wind","meteorological convention from, positive to east","physicalMeasurement",16.5,"Gill Instruments R3 3-axis sonic anemometer, SN# 111001","bow mast","from wspd and wdir, does not account for current velocity"
"v","m/s","northward_wind","meridional S-to-N component 16.50 m true wind","meteorological convention from, positive to north","physicalMeasurement",16.5,"Gill Instruments R3 3-axis sonic anemometer, SN# 111001","bow mast","from wspd and wdir, does not account for current velocity"
"u_10n","m/s","eastward_wind","zonal W-to E component 10 m true neutral water-relative wind","meteorological convention from, positive to east","modelResult",10,"Gill Instruments R3 3-axis sonic anemometer, SN# 111001","bow mast","from wspd_10n and wdir, accounts for current velocity, adjusted for neutral stability and height"
"v_10n","m/s","northward_wind","meridional S-to-N component 10 m true neutral water-relative wind ","meteorological convention from, positive to north","physicalMeasurement",10,"Gill Instruments R3 3-axis sonic anemometer, SN# 111001","bow mast","from wspd_10n and wdir, accounts for current velocity, adjusted for neutral stability and height"
"tskin","degree_Celsius","sea_surface_skin_temperature","sea surface skin temperature  ","","modelResult",0,"NOAA PSL Sea Snake ocean temperature, made in house","port forward focsle deck rail","COARE 3.6: tskin = tsea - dt_skin + dt_warm_to_skin"
"qskin","g/kg","","sea surface skin saturation specific humidity","","modelResult",0,"NOAA PSL Sea Snake ocean temperature, made in house","port forward focsle deck rail","COARE 3.6 not including wave input"
"tsea","degree_Celsius","sea_water_temperature","0.05 depth sea water temperature","","physicalMeasurement",-0.05,"NOAA PSL Sea Snake ocean temperature, made in house","port forward focsle deck rail","corrected -0.52 C based on multisensor analysis by Simon de Szoeke, OSU"
"qsea","degree_Celsius","","0.05 depth sea water saturation specific humidity","","modelResult",-0.05,"NOAA PSL Sea Snake ocean temperature, made in house","port forward focsle deck rail","COARE 3.6 not including wave input"
"tsea_in_ship","degree_Celsius","sea_water_temperature","4.00 intake depth sea water temperature","","physicalMeasurement",-4,"Sea-Bird Electronics, Inc SBE-45 MicroTSG Thermosalinograph, SN# --","bow",""
"tsea_ship","degree_Celsius","sea_water_temperature","4.00 depth sea water temperature","","physicalMeasurement",-4,"Sea-Bird Electronics, Inc SBE-45 MicroTSG Thermosalinograph, SN# --","bow","corrected -0.12 according to mulitsensor analysis by Simon de Szoeke, OSU"
"ssea_ship","psu","sea_water_salinity","4.00 depth sea water salinity","","physicalMeasurement",-4,"Sea-Bird Electronics, Inc SBE-45 MicroTSG Thermosalinograph, SN# --","bow",""
"dt_skin","degree_Celsius","","modeled temperature difference between the base of the cool skin layer (subskin or bulk T) and the skin surface","positive value means skin T is cooler than subskin T","modelResult",,"","","COARE 3.6 not including wave input"
"dz_skin","m","","modeled depth or thickness for cool skin layer below the skin surface","","modelResult",,"","","COARE 3.6 not including wave input"
"dt_warm","degree_Celsius","","modeled temperature difference between base of entire warm layer and skin surface","positive value means skin T is warmer than T at base of warm layer","modelResult",,"","","COARE 3.6 not including wave input"
"dz_warm","m","","modeled depth or thickness of entire warm layer below the skin surface","","modelResult",,"","","COARE 3.6 not including wave input"
"dt_warm_to_skin","degree_Celsius","","modeled temperature difference between the subsurface measurement depth used as input to COARE and the skin surface","positive value means skin T is warmer than T at the subsurface measurement depth used as input to COARE","modelResult",,"","","COARE 3.6 not including wave input"
"wave_edis","W/m^2","","energy dissipated by wave breaking","","modelResult",0,"","","COARE 3.6 not including wave input"
"wave_whitecap_frac","1","","white cap fractional area or time","","modelResult",0,"","","COARE 3.6 not including wave input"
"sw_down","W/m^2","downwelling_shortwave_flux_in_air","NOAA downwelling shortwave flux","positive into ocean","physicalMeasurement",11.4,"Eppley Precision Spectral Pyranometer PSP, SN# 30593F3 and Eppley Precision Spectral Pyranometer PSP, SN# 30434F3","starboard forward O2 deck rail","average of data from both radiometers"
"sw_down_clear","W/m^2","","NOAA downwelling clear sky shortwave flux","positive into ocean","modelResult",11.4,"Eppley Precision Spectral Pyranometer PSP, SN# 30593F3, Eppley Precision Spectral Pyranometer PSP, SN# 30434F3, Vaisala-HMT337 tempearture humidity sensor, SN# E1350206","starboard forward O2 deck rail","clear sky model based on date, time, location, aerosol loading, water vapor content, and that assumes clear sky without clouds"
"sw_up","W/m^2","upwelling_shortwave_flux_in_air","NOAA upwelling shortwave flux","positive into ocean","modelResult",11.4,"Eppley Precision Spectral Pyranometer PSP, SN# 30593F3 and Eppley Precision Spectral Pyranometer PSP, SN# 30434F3","starboard forward O2 deck rail","albedo model accounting for time, date, lat, lon, zenith angle"
"lw_down","W/m^2","downwelling_longwave_flux_in_air","NOAA downwelling longwave flux","positive into ocean","physicalMeasurement",11.4,"Eppley Precision Infrared Radiometer PIR, SN# 30433F3 and Eppley Precision Infrared Radiometer PIR, SN# 30432F3","starboard forward O2 deck rail","average of data from both radiometers after corrections to case and dome temps"
"lw_down_clear","W/m^2","","NOAA downwelling clear sky longwave flux","positive into ocean","modelResult",11.4,"Eppley Precision Infrared Radiometer PIR, SN# 30433F3, Eppley Precision Infrared Radiometer PIR, SN# 30432F3, Vaisala-HMT337 tempearture humidity sensor, SN# E1350206","starboard forward O2 deck rail","clear sky model based on lat, lon, qair, tair assuming clear sky with no clouds"
"lw_up","W/m^2","upwelling_longwave_flux_in_air","NOAA upwelling longwave flux","positive into ocean","modelResult",11.4,"Eppley Precision Infrared Radiometer PIR, SN# 30433F3 and Eppley Precision Infrared Radiometer PIR, SN# 30432F3","starboard forward O2 deck rail","COARE 3.6 not including wave input"
"hnet","W/m^2","downward_heat_flux_in_air","bulk downward net heat flux","positive into ocean; hnet > 0 is heating the ocean","modelResult",0,"","","COARE 3.6: hnet = sw_up + sw_down + lw_up + lw_down + hl_bulk + hs_bulk + hrain"
"hs_bulk","W/m^2","surface_downward_sensible_heat_flux","bulk surface downward sensible heat flux","positive into ocean","modelResult",0,"","","COARE 3.6 not including wave input"
"hl_bulk","W/m^2","surface_downward_latent_heat_flux","bulk surface downward latent heat flux","positive into ocean","modelResult",0,"","","COARE 3.6 not including wave input"
"hl_webb","W/m^2","","bulk webb correction already added to all latent heat flux values","positive into ocean","modelResult",0,"","","COARE 3.6 not including wave input"
"hrain","W/m^2","temperature_flux_due_to_rainfall_expressed_as_heat_flux_into_sea_water","bulk rain heat flux","positive into ocean","modelResult",0,"","","COARE 3.6 not including wave input"
"hb_bulk","W/m^2","","bulk surface upward buoyancy flux","positive generating buoyancy (turbulence) in the atmosphere","modelResult",0,"","","COARE 3.6 not including wave input"
"tau_bulk","N/m^2","magnitude_of_surface_downward_stress","bulk magnitude of surface downward stress assuming stress is all in the direction of the wind, i.e. streamwise stress","","modelResult",0,"","","COARE 3.6 not including wave input"
"tau_bulk_u","N/m^2","","bulk streamwise stress zonal W-to E component","meteorological convention from, positive to east","modelResult",0,"","","COARE 3.6 not including wave input"
"tau_bulk_v","N/m^2","","bulk streamwise stress meridional S-to-N component","meteorological convention from, positive to north","modelResult",0,"","","COARE 3.6 not including wave input"
"mo_length","m","","Monin-Obukhov length scale","","modelResult",,"","","COARE 3.6 not including wave input"
"ustar","m/s","","bulk friction velocity that includes gustiness","","modelResult",0,"","","COARE 3.6 not including wave input"
"tstar","Kelvin","","bulk air temperature scaling parameter","","modelResult",0,"","","COARE 3.6 not including wave input"
"qstar","kg/kg","","bulk air specific humidity scaling parameter","","modelResult",0,"","","COARE 3.6 not including wave input"
"cd","","surface_drag_coefficient_for_momentum_in_air","surface drag coefficient for momentum","","modelResult",0,"","","COARE 3.6 not including wave input"
"ce","","","latent heat transfer coefficient Dalton number","","modelResult",0,"","","COARE 3.6 not including wave input"
"ch","","","sensible heat transfer coefficient Stanton number","","modelResult",0,"","","COARE 3.6 not including wave input"
"cdn10","","surface_drag_coefficient_for_momentum_in_air","neutral stability surface drag coefficient for momentum adjusted to 10 m height","","modelResult",10,"","","COARE 3.6 not including wave input"
"cen10","","","neutral stability latent heat transfer coefficient Dalton number adjusted to 10 m height","","modelResult",10,"","","COARE 3.6 not including wave input"
"chn10","","","neutral stability sensible heat transfer coefficient Stanton number adjusted to 10 m height","","modelResult",10,"","","COARE 3.6 not including wave input"
"erate","mm/hr","evaporation_rate","evaporation rate","","modelResult",0,"","","COARE 3.6 not including wave input"
"rough_u","m","surface_roughness_length_for_momentum_in_air","surface roughness length for momentum","","modelResult",,"","","COARE 3.6 not including wave input"
"rough_t","m","surface_roughness_length_for_heat_in_air","surface roughness length for heat","","modelResult",,"","","COARE 3.6 not including wave input"
"rough_q","m","","surface roughness length for humidity in air","","modelResult",0,"","","COARE 3.6 not including wave input"
"gust","m/s","wind_speed_of_gust","wind speed of gust or gustiness factor","","modelResult",0,"","","COARE 3.6 not including wave input"
